Workbook

Sheet Kılavuz
B2: T&G — Yayın Planı ve Gerçekleşen Rapor Şablonu
B3: Bu dosya hem müşteriye gösterilen rapor, hem de sistemin öğrendiği kayıt. Lütfen eksiksiz doldurun.
B5: RENKLER NE ANLAMA GELİYOR
B6: Mavi yazı | C6: Sizin dolduracağınız hücreler. Sadece buralara yazın.
B7: Siyah yazı | C7: Kendiliğinden hesaplanan hücreler. Üzerine yazmayın, hesap bozulur.
B8: Yeşil yazı | C8: Başka sayfadan gelen bilgi. Buraya da yazmayın.
B9: Sarı dolgu | C9: Mutlaka doldurulması gereken hücreler.
B11: HANGİ SIRAYLA DOLDURULUR
B12: 1. Kampanya sayfası | C12: Marka, sektör, tarih, raporun durumu ve bütçe kalemleri.
B13: 2. Plan ve Gerçekleşen | C13: Her satıra bir yayıncı ve bir format yazılır. Aynı yayıncının iki farklı formatı iki ayrı satırdır.
B14: 3. Kontroller sayfası | C14: Hepsi TAMAM yazmadan raporu kimseye göndermeyin.
B15: 4. Özet sayfası | C15: Kendiliğinden dolar. Elle bir şey yazmanıza gerek yok.
B17: MUTLAKA DOLDURULACAK ALANLAR
B18: Fiyat Tipi | C18: Boş bırakmayın. CPM / CPV / CPC / CPL / CPCV / Sabit arasından seçin. Tutar hesabı buna göre yapılır: CPM ise fiyat × adet / 1000, diğerlerinde fiyat × adet, Sabit ise yazdığınız fiyatın kendisi. Bunu yazmazsanız sistem CPM ile CPC'yi ayırt edemez.
B19: Tutar Nereden Geldi | C19: Fatura veya Platform Raporu seçtiyseniz gerçek rakamı yandaki kolona yazın. Hesaplanan seçerseniz sistem fiyat × adet ile kendisi hesaplar, ama bu bir tahmindir. Kapanış raporunda hiç Hesaplanan satır kalmamalı.
B20: Satır Durumu | C20: İptal ve Veri Gelmedi satırları hesaba katılmaz. Yayınlanmamış bir işi sıfır performans olarak kaydedersek yayıncıya haksızlık etmiş oluruz.
B21: Yayıncı Grubu / Yayıncı / Envanter Sahibi | C21: Üçü farklı şeydir. Örnek: yeri satan HepsiBurada, yerin sahibi Warner Bros. Discovery, yayının yapıldığı içerik HBO Max. Bütçe yığılması kontrolü Yayıncı Grubu üzerinden yapılır.
B22: Tarih | C22: Her satır için ayrı ayrı yazın. Kampanyanın genel tarihi yeterli değil.
B23: Reklam Filmi Kodu | C23: Aynı yayıncı, farklı reklam filmiyle farklı sonuç verir. Bunu yazmazsanız kötü sonucun yayıncıdan mı filmden mi geldiğini anlayamayız.
B24: Değişiklik Sebebi | C24: Plandan farklı bir şey yaptıysanız sebebini yazın. Değiştirmek serbest, sebebini yazmamak değil.
B26: DİKKAT EDİLECEKLER
B27: Satır eklemek | C27: Yeni satırı 3. ile 52. satır arasına ekleyin. Toplamlar o aralığa bağlı; dışına yazarsanız toplama girmez.
B28: Adetleri toplamayın | C28: Gösterim, izlenme ve tıklama farklı şeylerdir, alt alta toplanmaz. Özet sayfası bu yüzden fiyat tipine göre ayrı ayrı toplar.
B29: Örnek satırlar | C29: 3. ve 4. satırlar örnektir. Nasıl doldurulacağını gösterir. Kendi verinizi girmeden önce silin.

Sheet Kampanya
B2: KAMPANYA BİLGİLERİ
B4: Kampanya Kodu | C4: DARD-DARD-202606 | D4: Her kampanyaya bir kod verin, tekrar etmesin
B5: Müşteri | C5: Dardanel - Sardalya
B6: Marka | C6: Dardanel - Sardalya
B7: Kampanya Adı | C7: Dardanel - Sardalya
B8: Sektör L1 | C8: FMCG | D8: Ana sektör — listeden seçin
B9: Sektör L2 | C9: Hazır Yiyecek | D9: Alt sektör
B10: Sektör L3 | C10: Konserve Balık | D10: Ürün kategorisi
B11: Dönem Başlangıç | C11: 2026-06-01 | D11: Tarih
B12: Dönem Bitiş | C12: 2026-06-30 | D12: Tarih
B13: Rapor Durumu | C13: Kapanış | D13: Kampanya bittiyse Kapanış seçin. Sisteme sadece Kapanış raporları girer
B14: Rapor Tarihi | C14: 2026-08-04 | D14: Tarih
B17: PLANLANAN BÜTÇE (kalem kalem)
B18: Planlanan Yayın Bedeli | C18: ='Plan ve Gerçekleşen'!Q1 | D18: Satır tablosundan otomatik
B19: Planlanan Adserver Bedeli | C19: 0 | D19: Elle girin
B20: Planlanan AHB Bedeli | C20: =SUMPRODUCT('Plan ve Gerçekleşen'!$Q$3:$Q$52,'Plan ve Gerçekleşen'!$AB$3:$AB$52) | D20: Plan bedeli × AHB oranı (satır tablosundan)
B21: Planlanan Reseller Bedeli | C21: =SUMPRODUCT('Plan ve Gerçekleşen'!$Q$3:$Q$52,'Plan ve Gerçekleşen'!$AD$3:$AD$52) | D21: Plan bedeli × reseller oranı (satır tablosundan)
B22: PLANLANAN TOPLAM BÜTÇE | C22: =SUM(C18:C21) | D22: Üstteki dört kalemin toplamı
B23: Müşteriyle Anlaşılan Bütçe | C23: 5596406 | D23: Sözleşmedeki tutar. Üsttekiyle farklıysa Kontroller sayfası uyarır
B25: GERÇEKLEŞEN (kendiliğinden hesaplanır)
B26: Gerçekleşen Yayın Bedeli | C26: ='Plan ve Gerçekleşen'!X1
B27: Gerçekleşen Adserver Bedeli | C27: ='Plan ve Gerçekleşen'!AF1
B28: Gerçekleşen AHB Bedeli | C28: ='Plan ve Gerçekleşen'!AC1
B29: Gerçekleşen Reseller Bedeli | C29: ='Plan ve Gerçekleşen'!AE1
B30: GERÇEKLEŞEN TOPLAM MALİYET | C30: =SUM(C26:C29) | D30: Yayın + adserver + AHB + reseller toplamı
B31: Kalan Bütçe | C31: =C22-C30
B32: Bütçe Kullanım Oranı | C32: =IFERROR(C30/C22,0) | D32: Kampanya sürerken düşük olması normaldir

Sheet Plan ve Gerçekleşen
A1: Kimlik | F1: Yayıncı | J1: Envanter | N1: Plan | Q1: =SUM(Q3:Q52) | R1: Gerçekleşen | V1: Maliyet | X1: =SUM(X3:X52) | Z1: Sapma | AB1: Ek Maliyet | AC1: =SUM(AC3:AC52) | AE1: =SUM(AE3:AE52) | AF1: =SUM(AF3:AF52) | AG1: =SUM(AG3:AG52) | AH1: =SUM(AH3:AH52) | AI1: Kontrol
A2: Satır ID | B2: Kampanya Kodu | C2: Başlangıç | D2: Bitiş | E2: Ne İstiyoruz | F2: Yayıncı Grubu | G2: Yayıncı (Satıcı) | H2: Envanter Sahibi | I2: Site / İçerik | J2: Cihaz | K2: Format | L2: Hedefleme / Kategori | M2: Reklam Filmi Kodu | N2: Fiyat Tipi | O2: Planlanan Birim Fiyat | P2: Planlanan Hacim | Q2: Planlanan Yayın Bedeli | R2: Gerçekleşen Hacim | S2: Gerçekleşen Tıklama | T2: Sonuna Kadar İzlenme | U2: Görünürlük % | V2: Tutar Nereden Geldi | W2: Gerçekleşen Bedel (Girdi) | X2: Gerçekleşen Yayın Bedeli | Y2: Gerçekleşen Birim Maliyet | Z2: Yayınlanma Oranı | AA2: Fiyat Farkı | AB2: AHB Oranı | AC2: AHB Bedeli | AD2: Reseller Oranı | AE2: Reseller Bedeli | AF2: Adserver Bedeli | AG2: Toplam Maliyet | AH2: Kalan Yayın Bedeli | AI2: Satır Durumu | AJ2: Not / Değişiklik Sebebi
A3: S001 | B3: DARD-DARD-202606 | C3: 2026-06-01 | D3: 2026-06-30 | E3: Gösterim almak | F3: Mimeda | G3: Mimeda | H3: Mimeda | I3: Mimeda | J3: Desktop / Mobile | K3: Spoonsor Ürün | L3: Hedeflemeli Yayın | N3: CPV | O3: 5 | P3: 10000 | Q3: =IF(OR($N3="",$P3=""),0,IF($N3="CPM",$O3*$P3/1000,IF($N3="Sabit",$O3,$O3*$P3))) | R3: 1071 | V3: Fatura | W3: 1290 | X3: =IF($V3="",0,IF(OR($V3="Fatura",$V3="Platform Raporu"),$W3,IF($R3="",0,IF($N3="CPM",$O3*$R3/1000,IF($N3="Sabit",$O3,$O3*$R3))))) | Y3: =IF(OR($X3=0,$N3="Sabit"),"",IFERROR(IF($N3="CPM",$X3/$R3*1000,$X3/$R3),"")) | Z3: =IF($AI3<>"Yayınlandı","",IFERROR($R3/$P3,"")) | AA3: =IF($Y3="","",IFERROR($Y3/$O3-1,"")) | AB3: 0 | AC3: =$X3*$AB3 | AD3: 0 | AE3: =$X3*$AD3 | AF3: 0 | AG3: =$X3+$AC3+$AE3+$AF3 | AH3: =$Q3-$X3 | AI3: Yayınlandı | AJ3: kaynak dosyada gerçekleşen birim maliyet plandan kopyalanmış; fiyat farkı ölçülemez · tarih kampanya döneminden türetildi
A4: S002 | B4: DARD-DARD-202606 | C4: 2026-06-01 | D4: 2026-06-30 | E4: Video izletmek | F4: Google | G4: Google | H4: Youtube | I4: Youtube | J4: Desktop / Mobile | K4: Masthead (8 saniye Lezzet) | L4: Hedeflemeli Yayın | N4: CPM | O4: 44 | P4: 11363636 | Q4: =IF(OR($N4="",$P4=""),0,IF($N4="CPM",$O4*$P4/1000,IF($N4="Sabit",$O4,$O4*$P4))) | W4: 0 | X4: =IF($V4="",0,IF(OR($V4="Fatura",$V4="Platform Raporu"),$W4,IF($R4="",0,IF($N4="CPM",$O4*$R4/1000,IF($N4="Sabit",$O4,$O4*$R4))))) | Y4: =IF(OR($X4=0,$N4="Sabit"),"",IFERROR(IF($N4="CPM",$X4/$R4*1000,$X4/$R4),"")) | Z4: =IF($AI4<>"Yayınlandı","",IFERROR($R4/$P4,"")) | AA4: =IF($Y4="","",IFERROR($Y4/$O4-1,"")) | AB4: 0 | AC4: =$X4*$AB4 | AD4: 0 | AE4: =$X4*$AD4 | AF4: 0 | AG4: =$X4+$AC4+$AE4+$AF4 | AH4: =$Q4-$X4 | AI4: Veri Gelmedi | AJ4: kaynak dosyada gerçekleşen birim maliyet plandan kopyalanmış; fiyat farkı ölçülemez · tarih kampanya döneminden türetildi
A5: S003 | B5: DARD-DARD-202606 | C5: 2026-06-01 | D5: 2026-06-30 | E5: Gösterim almak | F5: Google | G5: Google | H5: Youtube | I5: Youtube | J5: Desktop / Mobile | K5: Non Skippable | L5: Hedeflemeli Yayın | N5: CPM | O5: 70 | P5: 28571429 | Q5: =IF(OR($N5="",$P5=""),0,IF($N5="CPM",$O5*$P5/1000,IF($N5="Sabit",$O5,$O5*$P5))) | R5: 4396180 | V5: Platform Raporu | W5: 297518.9 | X5: =IF($V5="",0,IF(OR($V5="Fatura",$V5="Platform Raporu"),$W5,IF($R5="",0,IF($N5="CPM",$O5*$R5/1000,IF($N5="Sabit",$O5,$O5*$R5))))) | Y5: =IF(OR($X5=0,$N5="Sabit"),"",IFERROR(IF($N5="CPM",$X5/$R5*1000,$X5/$R5),"")) | Z5: =IF($AI5<>"Yayınlandı","",IFERROR($R5/$P5,"")) | AA5: =IF($Y5="","",IFERROR($Y5/$O5-1,"")) | AB5: 0.055 | AC5: =$X5*$AB5 | AD5: 0 | AE5: =$X5*$AD5 | AF5: 0 | AG5: =$X5+$AC5+$AE5+$AF5 | AH5: =$Q5-$X5 | AI5: Yayınlandı | AJ5: tarih kampanya döneminden türetildi
A6: S004 | B6: DARD-DARD-202606 | C6: 2026-06-01 | D6: 2026-06-30 | E6: Video izletmek | F6: Google | G6: Google | H6: Youtube | I6: Youtube | J6: Desktop / Mobile | K6: Connected Tv | L6: Hedeflemeli Yayın | N6: CPM | O6: 100 | P6: 1000000 | Q6: =IF(OR($N6="",$P6=""),0,IF($N6="CPM",$O6*$P6/1000,IF($N6="Sabit",$O6,$O6*$P6))) | R6: 254171 | V6: Platform Raporu | W6: 26243.77 | X6: =IF($V6="",0,IF(OR($V6="Fatura",$V6="Platform Raporu"),$W6,IF($R6="",0,IF($N6="CPM",$O6*$R6/1000,IF($N6="Sabit",$O6,$O6*$R6))))) | Y6: =IF(OR($X6=0,$N6="Sabit"),"",IFERROR(IF($N6="CPM",$X6/$R6*1000,$X6/$R6),"")) | Z6: =IF($AI6<>"Yayınlandı","",IFERROR($R6/$P6,"")) | AA6: =IF($Y6="","",IFERROR($Y6/$O6-1,"")) | AB6: 0.055 | AC6: =$X6*$AB6 | AD6: 0 | AE6: =$X6*$AD6 | AF6: 0 | AG6: =$X6+$AC6+$AE6+$AF6 | AH6: =$Q6-$X6 | AI6: Yayınlandı | AJ6: tarih kampanya döneminden türetildi
A7: S005 | B7: DARD-DARD-202606 | C7: 2026-06-01 | D7: 2026-06-30 | E7: Video izletmek | F7: Meta | G7: Meta | H7: Instagram | I7: Instagram | J7: Desktop / Mobile | K7: Video Views | L7: Hedeflemeli Yayın | N7: CPM | O7: 20 | P7: 45000000 | Q7: =IF(OR($N7="",$P7=""),0,IF($N7="CPM",$O7*$P7/1000,IF($N7="Sabit",$O7,$O7*$P7))) | R7: 25799959 | V7: Platform Raporu | W7: 206546.73 | X7: =IF($V7="",0,IF(OR($V7="Fatura",$V7="Platform Raporu"),$W7,IF($R7="",0,IF($N7="CPM",$O7*$R7/1000,IF($N7="Sabit",$O7,$O7*$R7))))) | Y7: =IF(OR($X7=0,$N7="Sabit"),"",IFERROR(IF($N7="CPM",$X7/$R7*1000,$X7/$R7),"")) | Z7: =IF($AI7<>"Yayınlandı","",IFERROR($R7/$P7,"")) | AA7: =IF($Y7="","",IFERROR($Y7/$O7-1,"")) | AB7: 0.055 | AC7: =$X7*$AB7 | AD7: 0 | AE7: =$X7*$AD7 | AF7: 0 | AG7: =$X7+$AC7+$AE7+$AF7 | AH7: =$Q7-$X7 | AI7: Yayınlandı | AJ7: tarih kampanya döneminden türetildi
A8: S006 | B8: DARD-DARD-202606 | C8: 2026-06-01 | D8: 2026-06-30 | E8: Siteye trafik | F8: Meta | G8: Meta | H8: Instagram | I8: Instagram | J8: Desktop / Mobile | K8: Traffic | L8: Hedeflemeli Yayın | N8: CPC | O8: 3 | P8: 16666.667 | Q8: =IF(OR($N8="",$P8=""),0,IF($N8="CPM",$O8*$P8/1000,IF($N8="Sabit",$O8,$O8*$P8))) | R8: 4557 | V8: Platform Raporu | W8: 12396.6 | X8: =IF($V8="",0,IF(OR($V8="Fatura",$V8="Platform Raporu"),$W8,IF($R8="",0,IF($N8="CPM",$O8*$R8/1000,IF($N8="Sabit",$O8,$O8*$R8))))) | Y8: =IF(OR($X8=0,$N8="Sabit"),"",IFERROR(IF($N8="CPM",$X8/$R8*1000,$X8/$R8),"")) | Z8: =IF($AI8<>"Yayınlandı","",IFERROR($R8/$P8,"")) | AA8: =IF($Y8="","",IFERROR($Y8/$O8-1,"")) | AB8: 0.055 | AC8: =$X8*$AB8 | AD8: 0 | AE8: =$X8*$AD8 | AF8: 0 | AG8: =$X8+$AC8+$AE8+$AF8 | AH8: =$Q8-$X8 | AI8: Yayınlandı | AJ8: tarih kampanya döneminden türetildi
A9: S007 | B9: DARD-DARD-202606 | C9: 2026-06-01 | D9: 2026-06-30 | E9: Gösterim almak | F9: Meta | G9: Meta | H9: Instagram | I9: Instagram | J9: Desktop / Mobile | K9: Cpas | L9: Hedeflemeli Yayın | N9: CPM | O9: 100 | P9: 100000 | Q9: =IF(OR($N9="",$P9=""),0,IF($N9="CPM",$O9*$P9/1000,IF($N9="Sabit",$O9,$O9*$P9))) | W9: 0 | X9: =IF($V9="",0,IF(OR($V9="Fatura",$V9="Platform Raporu"),$W9,IF($R9="",0,IF($N9="CPM",$O9*$R9/1000,IF($N9="Sabit",$O9,$O9*$R9))))) | Y9: =IF(OR($X9=0,$N9="Sabit"),"",IFERROR(IF($N9="CPM",$X9/$R9*1000,$X9/$R9),"")) | Z9: =IF($AI9<>"Yayınlandı","",IFERROR($R9/$P9,"")) | AA9: =IF($Y9="","",IFERROR($Y9/$O9-1,"")) | AB9: 0 | AC9: =$X9*$AB9 | AD9: 0 | AE9: =$X9*$AD9 | AF9: 0 | AG9: =$X9+$AC9+$AE9+$AF9 | AH9: =$Q9-$X9 | AI9: Veri Gelmedi | AJ9: kaynak dosyada gerçekleşen birim maliyet plandan kopyalanmış; fiyat farkı ölçülemez · tarih kampanya döneminden türetildi
A10: S008 | B10: DARD-DARD-202606 | C10: 2026-06-01 | D10: 2026-06-30 | E10: Video izletmek | F10: TikTok | G10: TikTok | H10: TikTok | I10: TikTok | J10: Desktop / Mobile | K10: Video Views | L10: Hedeflemeli Yayın | N10: CPM | O10: 14 | P10: 32142857 | Q10: =IF(OR($N10="",$P10=""),0,IF($N10="CPM",$O10*$P10/1000,IF($N10="Sabit",$O10,$O10*$P10))) | R10: 11238802 | V10: Platform Raporu | W10: 99484.8 | X10: =IF($V10="",0,IF(OR($V10="Fatura",$V10="Platform Raporu"),$W10,IF($R10="",0,IF($N10="CPM",$O10*$R10/1000,IF($N10="Sabit",$O10,$O10*$R10))))) | Y10: =IF(OR($X10=0,$N10="Sabit"),"",IFERROR(IF($N10="CPM",$X10/$R10*1000,$X10/$R10),"")) | Z10: =IF($AI10<>"Yayınlandı","",IFERROR($R10/$P10,"")) | AA10: =IF($Y10="","",IFERROR($Y10/$O10-1,"")) | AB10: 0.055 | AC10: =$X10*$AB10 | AD10: 0 | AE10: =$X10*$AD10 | AF10: 0 | AG10: =$X10+$AC10+$AE10+$AF10 | AH10: =$Q10-$X10 | AI10: Yayınlandı | AJ10: tarih kampanya döneminden türetildi
A11: S009 | B11: DARD-DARD-202606 | C11: 2026-06-01 | D11: 2026-06-30 | E11: Siteye trafik | F11: TikTok | G11: TikTok | H11: TikTok | I11: TikTok | J11: Desktop / Mobile | K11: Traffic | L11: Hedeflemeli Yayın | N11: CPC | O11: 2.5 | P11: 20000 | Q11: =IF(OR($N11="",$P11=""),0,IF($N11="CPM",$O11*$P11/1000,IF($N11="Sabit",$O11,$O11*$P11))) | R11: 74307 | V11: Platform Raporu | W11: 11158.43 | X11: =IF($V11="",0,IF(OR($V11="Fatura",$V11="Platform Raporu"),$W11,IF($R11="",0,IF($N11="CPM",$O11*$R11/1000,IF($N11="Sabit",$O11,$O11*$R11))))) | Y11: =IF(OR($X11=0,$N11="Sabit"),"",IFERROR(IF($N11="CPM",$X11/$R11*1000,$X11/$R11),"")) | Z11: =IF($AI11<>"Yayınlandı","",IFERROR($R11/$P11,"")) | AA11: =IF($Y11="","",IFERROR($Y11/$O11-1,"")) | AB11: 0.055 | AC11: =$X11*$AB11 | AD11: 0 | AE11: =$X11*$AD11 | AF11: 0 | AG11: =$X11+$AC11+$AE11+$AF11 | AH11: =$Q11-$X11 | AI11: Yayınlandı | AJ11: tarih kampanya döneminden türetildi
A12: S010 | B12: DARD-DARD-202606 | C12: 2026-06-01 | D12: 2026-06-30 | E12: Video izletmek | F12: Disney | G12: Disney+ | H12: Disney+ | I12: Disney+ | J12: Desktop / Mobile | K12: Preroll | L12: Hedeflemeli Yayın | N12: CPV | O12: 1.7 | P12: 117647.06 | Q12: =IF(OR($N12="",$P12=""),0,IF($N12="CPM",$O12*$P12/1000,IF($N12="Sabit",$O12,$O12*$P12))) | R12: 18105 | V12: Fatura | W12: 30778.5 | X12: =IF($V12="",0,IF(OR($V12="Fatura",$V12="Platform Raporu"),$W12,IF($R12="",0,IF($N12="CPM",$O12*$R12/1000,IF($N12="Sabit",$O12,$O12*$R12))))) | Y12: =IF(OR($X12=0,$N12="Sabit"),"",IFERROR(IF($N12="CPM",$X12/$R12*1000,$X12/$R12),"")) | Z12: =IF($AI12<>"Yayınlandı","",IFERROR($R12/$P12,"")) | AA12: =IF($Y12="","",IFERROR($Y12/$O12-1,"")) | AB12: 0 | AC12: =$X12*$AB12 | AD12: 0 | AE12: =$X12*$AD12 | AF12: 0 | AG12: =$X12+$AC12+$AE12+$AF12 | AH12: =$Q12-$X12 | AI12: Yayınlandı | AJ12: kaynak dosyada gerçekleşen birim maliyet plandan kopyalanmış; fiyat farkı ölçülemez · tarih kampanya döneminden türetildi
A13: S011 | B13: DARD-DARD-202606 | C13: 2026-06-01 | D13: 2026-06-30 | E13: Video izletmek | F13: HepsiBurada | G13: HepsiBurada | H13: Hbo Max | I13: Hbo Max | J13: Desktop / Mobile | K13: Preroll | L13: Hedeflemeli Yayın | N13: CPV | O13: 1.7 | P13: 117647.06 | Q13: =IF(OR($N13="",$P13=""),0,IF($N13="CPM",$O13*$P13/1000,IF($N13="Sabit",$O13,$O13*$P13))) | R13: 76097 | V13: Fatura | W13: 129364.9 | X13: =IF($V13="",0,IF(OR($V13="Fatura",$V13="Platform Raporu"),$W13,IF($R13="",0,IF($N13="CPM",$O13*$R13/1000,IF($N13="Sabit",$O13,$O13*$R13))))) | Y13: =IF(OR($X13=0,$N13="Sabit"),"",IFERROR(IF($N13="CPM",$X13/$R13*1000,$X13/$R13),"")) | Z13: =IF($AI13<>"Yayınlandı","",IFERROR($R13/$P13,"")) | AA13: =IF($Y13="","",IFERROR($Y13/$O13-1,"")) | AB13: 0 | AC13: =$X13*$AB13 | AD13: 0 | AE13: =$X13*$AD13 | AF13: 0 | AG13: =$X13+$AC13+$AE13+$AF13 | AH13: =$Q13-$X13 | AI13: Yayınlandı | AJ13: kaynak dosyada gerçekleşen birim maliyet plandan kopyalanmış; fiyat farkı ölçülemez · tarih kampanya döneminden türetildi
A14: S012 | B14: DARD-DARD-202606 | C14: 2026-06-01 | D14: 2026-06-30 | E14: Video izletmek | F14: Now | G14: NOW | H14: Eşref Rüya, Uzak Şehir, Güller ve Günahlar | I14: Eşref Rüya, Uzak Şehir, Güller ve Günahlar | J14: Desktop / Mobile | K14: Preroll | L14: Web + App | N14: CPV | O14: 0.69 | P14: 108695.65 | Q14: =IF(OR($N14="",$P14=""),0,IF($N14="CPM",$O14*$P14/1000,IF($N14="Sabit",$O14,$O14*$P14))) | R14: 21355 | V14: Fatura | W14: 14734.95 | X14: =IF($V14="",0,IF(OR($V14="Fatura",$V14="Platform Raporu"),$W14,IF($R14="",0,IF($N14="CPM",$O14*$R14/1000,IF($N14="Sabit",$O14,$O14*$R14))))) | Y14: =IF(OR($X14=0,$N14="Sabit"),"",IFERROR(IF($N14="CPM",$X14/$R14*1000,$X14/$R14),"")) | Z14: =IF($AI14<>"Yayınlandı","",IFERROR($R14/$P14,"")) | AA14: =IF($Y14="","",IFERROR($Y14/$O14-1,"")) | AB14: 0 | AC14: =$X14*$AB14 | AD14: 0 | AE14: =$X14*$AD14 | AF14: 0 | AG14: =$X14+$AC14+$AE14+$AF14 | AH14: =$Q14-$X14 | AI14: Yayınlandı | AJ14: kaynak dosyada gerçekleşen birim maliyet plandan kopyalanmış; fiyat farkı ölçülemez · tarih kampanya döneminden türetildi
A15: S013 | B15: DARD-DARD-202606 | C15: 2026-06-01 | D15: 2026-06-30 | E15: Video izletmek | F15: Turkuvaz | G15: Turkuvaz | H15: A.B.İ | I15: A.B.İ | J15: Desktop / Mobile | K15: Preroll | L15: Web + App | N15: CPV | O15: 0.69 | P15: 144927.54 | Q15: =IF(OR($N15="",$P15=""),0,IF($N15="CPM",$O15*$P15/1000,IF($N15="Sabit",$O15,$O15*$P15))) | R15: 44846 | V15: Fatura | W15: 30943.74 | X15: =IF($V15="",0,IF(OR($V15="Fatura",$V15="Platform Raporu"),$W15,IF($R15="",0,IF($N15="CPM",$O15*$R15/1000,IF($N15="Sabit",$O15,$O15*$R15))))) | Y15: =IF(OR($X15=0,$N15="Sabit"),"",IFERROR(IF($N15="CPM",$X15/$R15*1000,$X15/$R15),"")) | Z15: =IF($AI15<>"Yayınlandı","",IFERROR($R15/$P15,"")) | AA15: =IF($Y15="","",IFERROR($Y15/$O15-1,"")) | AB15: 0 | AC15: =$X15*$AB15 | AD15: 0 | AE15: =$X15*$AD15 | AF15: 0 | AG15: =$X15+$AC15+$AE15+$AF15 | AH15: =$Q15-$X15 | AI15: Yayınlandı | AJ15: kaynak dosyada gerçekleşen birim maliyet plandan kopyalanmış; fiyat farkı ölçülemez · tarih kampanya döneminden türetildi
A16: S014 | B16: DARD-DARD-202606 | C16: 2026-06-01 | D16: 2026-06-30 | E16: Video izletmek | F16: Can | G16: Can | H16: Kızılcık Şerbeti, Delikanlı | I16: Kızılcık Şerbeti, Delikanlı | J16: Desktop / Mobile | K16: Preroll | L16: Web + App | N16: CPV | O16: 0.65 | P16: 115384.62 | Q16: =IF(OR($N16="",$P16=""),0,IF($N16="CPM",$O16*$P16/1000,IF($N16="Sabit",$O16,$O16*$P16))) | R16: 67639 | V16: Fatura | W16: 43965.35 | X16: =IF($V16="",0,IF(OR($V16="Fatura",$V16="Platform Raporu"),$W16,IF($R16="",0,IF($N16="CPM",$O16*$R16/1000,IF($N16="Sabit",$O16,$O16*$R16))))) | Y16: =IF(OR($X16=0,$N16="Sabit"),"",IFERROR(IF($N16="CPM",$X16/$R16*1000,$X16/$R16),"")) | Z16: =IF($AI16<>"Yayınlandı","",IFERROR($R16/$P16,"")) | AA16: =IF($Y16="","",IFERROR($Y16/$O16-1,"")) | AB16: 0 | AC16: =$X16*$AB16 | AD16: 0 | AE16: =$X16*$AD16 | AF16: 0 | AG16: =$X16+$AC16+$AE16+$AF16 | AH16: =$Q16-$X16 | AI16: Yayınlandı | AJ16: kaynak dosyada gerçekleşen birim maliyet plandan kopyalanmış; fiyat farkı ölçülemez · tarih kampanya döneminden türetildi
A17: S015 | B17: DARD-DARD-202606 | C17: 2026-06-01 | D17: 2026-06-30 | E17: Video izletmek | F17: Doğuş | G17: Doğuş | H17: Sahipsizler , Sevdiğim Sensin | I17: Sahipsizler , Sevdiğim Sensin | J17: Desktop / Mobile | K17: Preroll | L17: Web + App | N17: CPV | O17: 0.69 | P17: 108695.65 | Q17: =IF(OR($N17="",$P17=""),0,IF($N17="CPM",$O17*$P17/1000,IF($N17="Sabit",$O17,$O17*$P17))) | R17: 34438 | V17: Fatura | W17: 23762.22 | X17: =IF($V17="",0,IF(OR($V17="Fatura",$V17="Platform Raporu"),$W17,IF($R17="",0,IF($N17="CPM",$O17*$R17/1000,IF($N17="Sabit",$O17,$O17*$R17))))) | Y17: =IF(OR($X17=0,$N17="Sabit"),"",IFERROR(IF($N17="CPM",$X17/$R17*1000,$X17/$R17),"")) | Z17: =IF($AI17<>"Yayınlandı","",IFERROR($R17/$P17,"")) | AA17: =IF($Y17="","",IFERROR($Y17/$O17-1,"")) | AB17: 0 | AC17: =$X17*$AB17 | AD17: 0 | AE17: =$X17*$AD17 | AF17: 0 | AG17: =$X17+$AC17+$AE17+$AF17 | AH17: =$Q17-$X17 | AI17: Yayınlandı | AJ17: kaynak dosyada gerçekleşen birim maliyet plandan kopyalanmış; fiyat farkı ölçülemez · tarih kampanya döneminden türetildi
A18: S016 | B18: DARD-DARD-202606 | C18: 2026-06-01 | D18: 2026-06-30 | E18: Video izletmek | F18: TRT | G18: Trt1 | H18: Taşacak Bu Deniz | I18: Taşacak Bu Deniz | J18: Desktop / Mobile | K18: Preroll | L18: Web + App | N18: CPV | O18: 0.69 | P18: 108695.65 | Q18: =IF(OR($N18="",$P18=""),0,IF($N18="CPM",$O18*$P18/1000,IF($N18="Sabit",$O18,$O18*$P18))) | R18: 35402 | V18: Fatura | W18: 24427.38 | X18: =IF($V18="",0,IF(OR($V18="Fatura",$V18="Platform Raporu"),$W18,IF($R18="",0,IF($N18="CPM",$O18*$R18/1000,IF($N18="Sabit",$O18,$O18*$R18))))) | Y18: =IF(OR($X18=0,$N18="Sabit"),"",IFERROR(IF($N18="CPM",$X18/$R18*1000,$X18/$R18),"")) | Z18: =IF($AI18<>"Yayınlandı","",IFERROR($R18/$P18,"")) | AA18: =IF($Y18="","",IFERROR($Y18/$O18-1,"")) | AB18: 0 | AC18: =$X18*$AB18 | AD18: 0 | AE18: =$X18*$AD18 | AF18: 0 | AG18: =$X18+$AC18+$AE18+$AF18 | AH18: =$Q18-$X18 | AI18: Yayınlandı | AJ18: kaynak dosyada gerçekleşen birim maliyet plandan kopyalanmış; fiyat farkı ölçülemez · tarih kampanya döneminden türetildi
A19: S017 | B19: DARD-DARD-202606 | C19: 2026-06-01 | D19: 2026-06-30 | E19: Gösterim almak | F19: OutStream | G19: OutStream | H19: Youtube Spor Kanalları | I19: Youtube Spor Kanalları | J19: Desktop / Mobile | K19: 3D Kreatör Alt Bant | L19: Youtube (Sporcast SkySpor 343 Digital Akıl Oyunu Eski Açık Eagle 5 10 Numara Hodri Meydan Murat GDK Saha İçi) | N19: CPV | O19: 0.37 | P19: 540540.54 | Q19: =IF(OR($N19="",$P19=""),0,IF($N19="CPM",$O19*$P19/1000,IF($N19="Sabit",$O19,$O19*$P19))) | W19: 0 | X19: =IF($V19="",0,IF(OR($V19="Fatura",$V19="Platform Raporu"),$W19,IF($R19="",0,IF($N19="CPM",$O19*$R19/1000,IF($N19="Sabit",$O19,$O19*$R19))))) | Y19: =IF(OR($X19=0,$N19="Sabit"),"",IFERROR(IF($N19="CPM",$X19/$R19*1000,$X19/$R19),"")) | Z19: =IF($AI19<>"Yayınlandı","",IFERROR($R19/$P19,"")) | AA19: =IF($Y19="","",IFERROR($Y19/$O19-1,"")) | AB19: 0 | AC19: =$X19*$AB19 | AD19: 0 | AE19: =$X19*$AD19 | AF19: 0 | AG19: =$X19+$AC19+$AE19+$AF19 | AH19: =$Q19-$X19 | AI19: Veri Gelmedi | AJ19: kaynak dosyada gerçekleşen birim maliyet plandan kopyalanmış; fiyat farkı ölçülemez · tarih kampanya döneminden türetildi
A20: S018 | B20: DARD-DARD-202606 | C20: 2026-06-01 | D20: 2026-06-30 | E20: Gösterim almak | F20: Spotify | G20: Spotify | H20: Spotify | I20: Spotify | J20: Desktop / Mobile | K20: Audio | L20: Audio | N20: CPM | O20: 220 | P20: 1363636.4 | Q20: =IF(OR($N20="",$P20=""),0,IF($N20="CPM",$O20*$P20/1000,IF($N20="Sabit",$O20,$O20*$P20))) | R20: 181866 | V20: Fatura | W20: 40010.52 | X20: =IF($V20="",0,IF(OR($V20="Fatura",$V20="Platform Raporu"),$W20,IF($R20="",0,IF($N20="CPM",$O20*$R20/1000,IF($N20="Sabit",$O20,$O20*$R20))))) | Y20: =IF(OR($X20=0,$N20="Sabit"),"",IFERROR(IF($N20="CPM",$X20/$R20*1000,$X20/$R20),"")) | Z20: =IF($AI20<>"Yayınlandı","",IFERROR($R20/$P20,"")) | AA20: =IF($Y20="","",IFERROR($Y20/$O20-1,"")) | AB20: 0 | AC20: =$X20*$AB20 | AD20: 0 | AE20: =$X20*$AD20 | AF20: 0 | AG20: =$X20+$AC20+$AE20+$AF20 | AH20: =$Q20-$X20 | AI20: Yayınlandı | AJ20: kaynak dosyada gerçekleşen birim maliyet plandan kopyalanmış; fiyat farkı ölçülemez · tarih kampanya döneminden türetildi
Q21: =IF(OR($N21="",$P21=""),0,IF($N21="CPM",$O21*$P21/1000,IF($N21="Sabit",$O21,$O21*$P21))) | X21: =IF($V21="",0,IF(OR($V21="Fatura",$V21="Platform Raporu"),$W21,IF($R21="",0,IF($N21="CPM",$O21*$R21/1000,IF($N21="Sabit",$O21,$O21*$R21))))) | Y21: =IF(OR($X21=0,$N21="Sabit"),"",IFERROR(IF($N21="CPM",$X21/$R21*1000,$X21/$R21),"")) | Z21: =IF($AI21<>"Yayınlandı","",IFERROR($R21/$P21,"")) | AA21: =IF($Y21="","",IFERROR($Y21/$O21-1,"")) | AC21: =$X21*$AB21 | AE21: =$X21*$AD21 | AG21: =$X21+$AC21+$AE21+$AF21 | AH21: =$Q21-$X21
Q22: =IF(OR($N22="",$P22=""),0,IF($N22="CPM",$O22*$P22/1000,IF($N22="Sabit",$O22,$O22*$P22))) | X22: =IF($V22="",0,IF(OR($V22="Fatura",$V22="Platform Raporu"),$W22,IF($R22="",0,IF($N22="CPM",$O22*$R22/1000,IF($N22="Sabit",$O22,$O22*$R22))))) | Y22: =IF(OR($X22=0,$N22="Sabit"),"",IFERROR(IF($N22="CPM",$X22/$R22*1000,$X22/$R22),"")) | Z22: =IF($AI22<>"Yayınlandı","",IFERROR($R22/$P22,"")) | AA22: =IF($Y22="","",IFERROR($Y22/$O22-1,"")) | AC22: =$X22*$AB22 | AE22: =$X22*$AD22 | AG22: =$X22+$AC22+$AE22+$AF22 | AH22: =$Q22-$X22
Q23: =IF(OR($N23="",$P23=""),0,IF($N23="CPM",$O23*$P23/1000,IF($N23="Sabit",$O23,$O23*$P23))) | X23: =IF($V23="",0,IF(OR($V23="Fatura",$V23="Platform Raporu"),$W23,IF($R23="",0,IF($N23="CPM",$O23*$R23/1000,IF($N23="Sabit",$O23,$O23*$R23))))) | Y23: =IF(OR($X23=0,$N23="Sabit"),"",IFERROR(IF($N23="CPM",$X23/$R23*1000,$X23/$R23),"")) | Z23: =IF($AI23<>"Yayınlandı","",IFERROR($R23/$P23,"")) | AA23: =IF($Y23="","",IFERROR($Y23/$O23-1,"")) | AC23: =$X23*$AB23 | AE23: =$X23*$AD23 | AG23: =$X23+$AC23+$AE23+$AF23 | AH23: =$Q23-$X23
Q24: =IF(OR($N24="",$P24=""),0,IF($N24="CPM",$O24*$P24/1000,IF($N24="Sabit",$O24,$O24*$P24))) | X24: =IF($V24="",0,IF(OR($V24="Fatura",$V24="Platform Raporu"),$W24,IF($R24="",0,IF($N24="CPM",$O24*$R24/1000,IF($N24="Sabit",$O24,$O24*$R24))))) | Y24: =IF(OR($X24=0,$N24="Sabit"),"",IFERROR(IF($N24="CPM",$X24/$R24*1000,$X24/$R24),"")) | Z24: =IF($AI24<>"Yayınlandı","",IFERROR($R24/$P24,"")) | AA24: =IF($Y24="","",IFERROR($Y24/$O24-1,"")) | AC24: =$X24*$AB24 | AE24: =$X24*$AD24 | AG24: =$X24+$AC24+$AE24+$AF24 | AH24: =$Q24-$X24
Q25: =IF(OR($N25="",$P25=""),0,IF($N25="CPM",$O25*$P25/1000,IF($N25="Sabit",$O25,$O25*$P25))) | X25: =IF($V25="",0,IF(OR($V25="Fatura",$V25="Platform Raporu"),$W25,IF($R25="",0,IF($N25="CPM",$O25*$R25/1000,IF($N25="Sabit",$O25,$O25*$R25))))) | Y25: =IF(OR($X25=0,$N25="Sabit"),"",IFERROR(IF($N25="CPM",$X25/$R25*1000,$X25/$R25),"")) | Z25: =IF($AI25<>"Yayınlandı","",IFERROR($R25/$P25,"")) | AA25: =IF($Y25="","",IFERROR($Y25/$O25-1,"")) | AC25: =$X25*$AB25 | AE25: =$X25*$AD25 | AG25: =$X25+$AC25+$AE25+$AF25 | AH25: =$Q25-$X25
Q26: =IF(OR($N26="",$P26=""),0,IF($N26="CPM",$O26*$P26/1000,IF($N26="Sabit",$O26,$O26*$P26))) | X26: =IF($V26="",0,IF(OR($V26="Fatura",$V26="Platform Raporu"),$W26,IF($R26="",0,IF($N26="CPM",$O26*$R26/1000,IF($N26="Sabit",$O26,$O26*$R26))))) | Y26: =IF(OR($X26=0,$N26="Sabit"),"",IFERROR(IF($N26="CPM",$X26/$R26*1000,$X26/$R26),"")) | Z26: =IF($AI26<>"Yayınlandı","",IFERROR($R26/$P26,"")) | AA26: =IF($Y26="","",IFERROR($Y26/$O26-1,"")) | AC26: =$X26*$AB26 | AE26: =$X26*$AD26 | AG26: =$X26+$AC26+$AE26+$AF26 | AH26: =$Q26-$X26
Q27: =IF(OR($N27="",$P27=""),0,IF($N27="CPM",$O27*$P27/1000,IF($N27="Sabit",$O27,$O27*$P27))) | X27: =IF($V27="",0,IF(OR($V27="Fatura",$V27="Platform Raporu"),$W27,IF($R27="",0,IF($N27="CPM",$O27*$R27/1000,IF($N27="Sabit",$O27,$O27*$R27))))) | Y27: =IF(OR($X27=0,$N27="Sabit"),"",IFERROR(IF($N27="CPM",$X27/$R27*1000,$X27/$R27),"")) | Z27: =IF($AI27<>"Yayınlandı","",IFERROR($R27/$P27,"")) | AA27: =IF($Y27="","",IFERROR($Y27/$O27-1,"")) | AC27: =$X27*$AB27 | AE27: =$X27*$AD27 | AG27: =$X27+$AC27+$AE27+$AF27 | AH27: =$Q27-$X27
Q28: =IF(OR($N28="",$P28=""),0,IF($N28="CPM",$O28*$P28/1000,IF($N28="Sabit",$O28,$O28*$P28))) | X28: =IF($V28="",0,IF(OR($V28="Fatura",$V28="Platform Raporu"),$W28,IF($R28="",0,IF($N28="CPM",$O28*$R28/1000,IF($N28="Sabit",$O28,$O28*$R28))))) | Y28: =IF(OR($X28=0,$N28="Sabit"),"",IFERROR(IF($N28="CPM",$X28/$R28*1000,$X28/$R28),"")) | Z28: =IF($AI28<>"Yayınlandı","",IFERROR($R28/$P28,"")) | AA28: =IF($Y28="","",IFERROR($Y28/$O28-1,"")) | AC28: =$X28*$AB28 | AE28: =$X28*$AD28 | AG28: =$X28+$AC28+$AE28+$AF28 | AH28: =$Q28-$X28
Q29: =IF(OR($N29="",$P29=""),0,IF($N29="CPM",$O29*$P29/1000,IF($N29="Sabit",$O29,$O29*$P29))) | X29: =IF($V29="",0,IF(OR($V29="Fatura",$V29="Platform Raporu"),$W29,IF($R29="",0,IF($N29="CPM",$O29*$R29/1000,IF($N29="Sabit",$O29,$O29*$R29))))) | Y29: =IF(OR($X29=0,$N29="Sabit"),"",IFERROR(IF($N29="CPM",$X29/$R29*1000,$X29/$R29),"")) | Z29: =IF($AI29<>"Yayınlandı","",IFERROR($R29/$P29,"")) | AA29: =IF($Y29="","",IFERROR($Y29/$O29-1,"")) | AC29: =$X29*$AB29 | AE29: =$X29*$AD29 | AG29: =$X29+$AC29+$AE29+$AF29 | AH29: =$Q29-$X29
Q30: =IF(OR($N30="",$P30=""),0,IF($N30="CPM",$O30*$P30/1000,IF($N30="Sabit",$O30,$O30*$P30))) | X30: =IF($V30="",0,IF(OR($V30="Fatura",$V30="Platform Raporu"),$W30,IF($R30="",0,IF($N30="CPM",$O30*$R30/1000,IF($N30="Sabit",$O30,$O30*$R30))))) | Y30: =IF(OR($X30=0,$N30="Sabit"),"",IFERROR(IF($N30="CPM",$X30/$R30*1000,$X30/$R30),"")) | Z30: =IF($AI30<>"Yayınlandı","",IFERROR($R30/$P30,"")) | AA30: =IF($Y30="","",IFERROR($Y30/$O30-1,"")) | AC30: =$X30*$AB30 | AE30: =$X30*$AD30 | AG30: =$X30+$AC30+$AE30+$AF30 | AH30: =$Q30-$X30
Q31: =IF(OR($N31="",$P31=""),0,IF($N31="CPM",$O31*$P31/1000,IF($N31="Sabit",$O31,$O31*$P31))) | X31: =IF($V31="",0,IF(OR($V31="Fatura",$V31="Platform Raporu"),$W31,IF($R31="",0,IF($N31="CPM",$O31*$R31/1000,IF($N31="Sabit",$O31,$O31*$R31))))) | Y31: =IF(OR($X31=0,$N31="Sabit"),"",IFERROR(IF($N31="CPM",$X31/$R31*1000,$X31/$R31),"")) | Z31: =IF($AI31<>"Yayınlandı","",IFERROR($R31/$P31,"")) | AA31: =IF($Y31="","",IFERROR($Y31/$O31-1,"")) | AC31: =$X31*$AB31 | AE31: =$X31*$AD31 | AG31: =$X31+$AC31+$AE31+$AF31 | AH31: =$Q31-$X31
Q32: =IF(OR($N32="",$P32=""),0,IF($N32="CPM",$O32*$P32/1000,IF($N32="Sabit",$O32,$O32*$P32))) | X32: =IF($V32="",0,IF(OR($V32="Fatura",$V32="Platform Raporu"),$W32,IF($R32="",0,IF($N32="CPM",$O32*$R32/1000,IF($N32="Sabit",$O32,$O32*$R32))))) | Y32: =IF(OR($X32=0,$N32="Sabit"),"",IFERROR(IF($N32="CPM",$X32/$R32*1000,$X32/$R32),"")) | Z32: =IF($AI32<>"Yayınlandı","",IFERROR($R32/$P32,"")) | AA32: =IF($Y32="","",IFERROR($Y32/$O32-1,"")) | AC32: =$X32*$AB32 | AE32: =$X32*$AD32 | AG32: =$X32+$AC32+$AE32+$AF32 | AH32: =$Q32-$X32
... Q52: =IF(OR($N52="",$P52=""),0,IF($N52="CPM",$O52*$P52/1000,IF($N52="Sabit",$O52,$O52*$P52))) | X52: =IF($V52="",0,IF(OR($V52="Fatura",$V52="Platform Raporu"),$W52,IF($R52="",0,IF($N52="CPM",$O52*$R52/1000,IF($N52="Sabit",$O52,$O52*$R52))))) | Y52: =IF(OR($X52=0,$N52="Sabit"),"",IFERROR(IF($N52="CPM",$X52/$R52*1000,$X52/$R52),"")) | Z52: =IF($AI52<>"Yayınlandı","",IFERROR($R52/$P52,"")) | AA52: =IF($Y52="","",IFERROR($Y52/$O52-1,"")) | AC52: =$X52*$AB52 | AE52: =$X52*$AD52 | AG52: =$X52+$AC52+$AE52+$AF52 | AH52: =$Q52-$X52

Sheet Özet
B2: ÖZET — kendiliğinden hesaplanır, elle bir şey yazmayın
B4: Not: gösterim, izlenme ve tıklama farklı şeylerdir, alt alta toplanmaz. Adetler bu yüzden sadece fiyat tipine göre verilir.
B6: FİYAT TİPİNE GÖRE
B7: Fiyat tipi | C7: Planlanan adet | D7: Gerçekleşen adet | E7: Yayınlanma oranı | F7: Planlanan tutar | G7: Gerçekleşen tutar | H7: Fiyat farkı
B8: CPM | C8: =SUMIFS('Plan ve Gerçekleşen'!$P$3:$P$52,'Plan ve Gerçekleşen'!$N$3:$N$52,$B8,'Plan ve Gerçekleşen'!$AI$3:$AI$52,"Yayınlandı") | D8: =SUMIFS('Plan ve Gerçekleşen'!$R$3:$R$52,'Plan ve Gerçekleşen'!$N$3:$N$52,$B8,'Plan ve Gerçekleşen'!$AI$3:$AI$52,"Yayınlandı") | E8: =IFERROR($D8/$C8,"") | F8: =SUMIFS('Plan ve Gerçekleşen'!$Q$3:$Q$52,'Plan ve Gerçekleşen'!$N$3:$N$52,$B8) | G8: =SUMIFS('Plan ve Gerçekleşen'!$X$3:$X$52,'Plan ve Gerçekleşen'!$N$3:$N$52,$B8) | H8: =IFERROR((SUMIFS('Plan ve Gerçekleşen'!$X$3:$X$52,'Plan ve Gerçekleşen'!$N$3:$N$52,$B8,'Plan ve Gerçekleşen'!$AI$3:$AI$52,"Yayınlandı")/SUMIFS('Plan ve Gerçekleşen'!$R$3:$R$52,'Plan ve Gerçekleşen'!$N$3:$N$52,$B8,'Plan ve Gerçekleşen'!$AI$3:$AI$52,"Yayınlandı"))/(SUMIFS('Plan ve Gerçekleşen'!$Q$3:$Q$52,'Plan ve Gerçekleşen'!$N$3:$N$52,$B8,'Plan ve Gerçekleşen'!$AI$3:$AI$52,"Yayınlandı")/SUMIFS('Plan ve Gerçekleşen'!$P$3:$P$52,'Plan ve Gerçekleşen'!$N$3:$N$52,$B8,'Plan ve Gerçekleşen'!$AI$3:$AI$52,"Yayınlandı"))-1,"")
B9: CPV | C9: =SUMIFS('Plan ve Gerçekleşen'!$P$3:$P$52,'Plan ve Gerçekleşen'!$N$3:$N$52,$B9,'Plan ve Gerçekleşen'!$AI$3:$AI$52,"Yayınlandı") | D9: =SUMIFS('Plan ve Gerçekleşen'!$R$3:$R$52,'Plan ve Gerçekleşen'!$N$3:$N$52,$B9,'Plan ve Gerçekleşen'!$AI$3:$AI$52,"Yayınlandı") | E9: =IFERROR($D9/$C9,"") | F9: =SUMIFS('Plan ve Gerçekleşen'!$Q$3:$Q$52,'Plan ve Gerçekleşen'!$N$3:$N$52,$B9) | G9: =SUMIFS('Plan ve Gerçekleşen'!$X$3:$X$52,'Plan ve Gerçekleşen'!$N$3:$N$52,$B9) | H9: =IFERROR((SUMIFS('Plan ve Gerçekleşen'!$X$3:$X$52,'Plan ve Gerçekleşen'!$N$3:$N$52,$B9,'Plan ve Gerçekleşen'!$AI$3:$AI$52,"Yayınlandı")/SUMIFS('Plan ve Gerçekleşen'!$R$3:$R$52,'Plan ve Gerçekleşen'!$N$3:$N$52,$B9,'Plan ve Gerçekleşen'!$AI$3:$AI$52,"Yayınlandı"))/(SUMIFS('Plan ve Gerçekleşen'!$Q$3:$Q$52,'Plan ve Gerçekleşen'!$N$3:$N$52,$B9,'Plan ve Gerçekleşen'!$AI$3:$AI$52,"Yayınlandı")/SUMIFS('Plan ve Gerçekleşen'!$P$3:$P$52,'Plan ve Gerçekleşen'!$N$3:$N$52,$B9,'Plan ve Gerçekleşen'!$AI$3:$AI$52,"Yayınlandı"))-1,"")
B10: CPC | C10: =SUMIFS('Plan ve Gerçekleşen'!$P$3:$P$52,'Plan ve Gerçekleşen'!$N$3:$N$52,$B10,'Plan ve Gerçekleşen'!$AI$3:$AI$52,"Yayınlandı") | D10: =SUMIFS('Plan ve Gerçekleşen'!$R$3:$R$52,'Plan ve Gerçekleşen'!$N$3:$N$52,$B10,'Plan ve Gerçekleşen'!$AI$3:$AI$52,"Yayınlandı") | E10: =IFERROR($D10/$C10,"") | F10: =SUMIFS('Plan ve Gerçekleşen'!$Q$3:$Q$52,'Plan ve Gerçekleşen'!$N$3:$N$52,$B10) | G10: =SUMIFS('Plan ve Gerçekleşen'!$X$3:$X$52,'Plan ve Gerçekleşen'!$N$3:$N$52,$B10) | H10: =IFERROR((SUMIFS('Plan ve Gerçekleşen'!$X$3:$X$52,'Plan ve Gerçekleşen'!$N$3:$N$52,$B10,'Plan ve Gerçekleşen'!$AI$3:$AI$52,"Yayınlandı")/SUMIFS('Plan ve Gerçekleşen'!$R$3:$R$52,'Plan ve Gerçekleşen'!$N$3:$N$52,$B10,'Plan ve Gerçekleşen'!$AI$3:$AI$52,"Yayınlandı"))/(SUMIFS('Plan ve Gerçekleşen'!$Q$3:$Q$52,'Plan ve Gerçekleşen'!$N$3:$N$52,$B10,'Plan ve Gerçekleşen'!$AI$3:$AI$52,"Yayınlandı")/SUMIFS('Plan ve Gerçekleşen'!$P$3:$P$52,'Plan ve Gerçekleşen'!$N$3:$N$52,$B10,'Plan ve Gerçekleşen'!$AI$3:$AI$52,"Yayınlandı"))-1,"")
B11: CPL | C11: =SUMIFS('Plan ve Gerçekleşen'!$P$3:$P$52,'Plan ve Gerçekleşen'!$N$3:$N$52,$B11,'Plan ve Gerçekleşen'!$AI$3:$AI$52,"Yayınlandı") | D11: =SUMIFS('Plan ve Gerçekleşen'!$R$3:$R$52,'Plan ve Gerçekleşen'!$N$3:$N$52,$B11,'Plan ve Gerçekleşen'!$AI$3:$AI$52,"Yayınlandı") | E11: =IFERROR($D11/$C11,"") | F11: =SUMIFS('Plan ve Gerçekleşen'!$Q$3:$Q$52,'Plan ve Gerçekleşen'!$N$3:$N$52,$B11) | G11: =SUMIFS('Plan ve Gerçekleşen'!$X$3:$X$52,'Plan ve Gerçekleşen'!$N$3:$N$52,$B11) | H11: =IFERROR((SUMIFS('Plan ve Gerçekleşen'!$X$3:$X$52,'Plan ve Gerçekleşen'!$N$3:$N$52,$B11,'Plan ve Gerçekleşen'!$AI$3:$AI$52,"Yayınlandı")/SUMIFS('Plan ve Gerçekleşen'!$R$3:$R$52,'Plan ve Gerçekleşen'!$N$3:$N$52,$B11,'Plan ve Gerçekleşen'!$AI$3:$AI$52,"Yayınlandı"))/(SUMIFS('Plan ve Gerçekleşen'!$Q$3:$Q$52,'Plan ve Gerçekleşen'!$N$3:$N$52,$B11,'Plan ve Gerçekleşen'!$AI$3:$AI$52,"Yayınlandı")/SUMIFS('Plan ve Gerçekleşen'!$P$3:$P$52,'Plan ve Gerçekleşen'!$N$3:$N$52,$B11,'Plan ve Gerçekleşen'!$AI$3:$AI$52,"Yayınlandı"))-1,"")
B12: CPCV | C12: =SUMIFS('Plan ve Gerçekleşen'!$P$3:$P$52,'Plan ve Gerçekleşen'!$N$3:$N$52,$B12,'Plan ve Gerçekleşen'!$AI$3:$AI$52,"Yayınlandı") | D12: =SUMIFS('Plan ve Gerçekleşen'!$R$3:$R$52,'Plan ve Gerçekleşen'!$N$3:$N$52,$B12,'Plan ve Gerçekleşen'!$AI$3:$AI$52,"Yayınlandı") | E12: =IFERROR($D12/$C12,"") | F12: =SUMIFS('Plan ve Gerçekleşen'!$Q$3:$Q$52,'Plan ve Gerçekleşen'!$N$3:$N$52,$B12) | G12: =SUMIFS('Plan ve Gerçekleşen'!$X$3:$X$52,'Plan ve Gerçekleşen'!$N$3:$N$52,$B12) | H12: =IFERROR((SUMIFS('Plan ve Gerçekleşen'!$X$3:$X$52,'Plan ve Gerçekleşen'!$N$3:$N$52,$B12,'Plan ve Gerçekleşen'!$AI$3:$AI$52,"Yayınlandı")/SUMIFS('Plan ve Gerçekleşen'!$R$3:$R$52,'Plan ve Gerçekleşen'!$N$3:$N$52,$B12,'Plan ve Gerçekleşen'!$AI$3:$AI$52,"Yayınlandı"))/(SUMIFS('Plan ve Gerçekleşen'!$Q$3:$Q$52,'Plan ve Gerçekleşen'!$N$3:$N$52,$B12,'Plan ve Gerçekleşen'!$AI$3:$AI$52,"Yayınlandı")/SUMIFS('Plan ve Gerçekleşen'!$P$3:$P$52,'Plan ve Gerçekleşen'!$N$3:$N$52,$B12,'Plan ve Gerçekleşen'!$AI$3:$AI$52,"Yayınlandı"))-1,"")
B13: Sabit | C13: =SUMIFS('Plan ve Gerçekleşen'!$P$3:$P$52,'Plan ve Gerçekleşen'!$N$3:$N$52,$B13,'Plan ve Gerçekleşen'!$AI$3:$AI$52,"Yayınlandı") | D13: =SUMIFS('Plan ve Gerçekleşen'!$R$3:$R$52,'Plan ve Gerçekleşen'!$N$3:$N$52,$B13,'Plan ve Gerçekleşen'!$AI$3:$AI$52,"Yayınlandı") | E13: =IFERROR($D13/$C13,"") | F13: =SUMIFS('Plan ve Gerçekleşen'!$Q$3:$Q$52,'Plan ve Gerçekleşen'!$N$3:$N$52,$B13) | G13: =SUMIFS('Plan ve Gerçekleşen'!$X$3:$X$52,'Plan ve Gerçekleşen'!$N$3:$N$52,$B13) | H13: =IFERROR((SUMIFS('Plan ve Gerçekleşen'!$X$3:$X$52,'Plan ve Gerçekleşen'!$N$3:$N$52,$B13,'Plan ve Gerçekleşen'!$AI$3:$AI$52,"Yayınlandı")/SUMIFS('Plan ve Gerçekleşen'!$R$3:$R$52,'Plan ve Gerçekleşen'!$N$3:$N$52,$B13,'Plan ve Gerçekleşen'!$AI$3:$AI$52,"Yayınlandı"))/(SUMIFS('Plan ve Gerçekleşen'!$Q$3:$Q$52,'Plan ve Gerçekleşen'!$N$3:$N$52,$B13,'Plan ve Gerçekleşen'!$AI$3:$AI$52,"Yayınlandı")/SUMIFS('Plan ve Gerçekleşen'!$P$3:$P$52,'Plan ve Gerçekleşen'!$N$3:$N$52,$B13,'Plan ve Gerçekleşen'!$AI$3:$AI$52,"Yayınlandı"))-1,"")
B15: NE İSTEDİĞİMİZE GÖRE
B16: Kırılım | C16: Planlanan tutar | D16: Harcanan tutar | E16: Bütçe kullanımı | F16: Bütçe payı | G16: Kaç satır | H16: Yayınlanan satır
B17: Çok kişiye ulaşmak | C17: =SUMIFS('Plan ve Gerçekleşen'!$Q$3:$Q$52,'Plan ve Gerçekleşen'!$E$3:$E$52,$B17) | D17: =SUMIFS('Plan ve Gerçekleşen'!$X$3:$X$52,'Plan ve Gerçekleşen'!$E$3:$E$52,$B17) | E17: =IFERROR($D17/$C17,"") | F17: =IFERROR($D17/SUM($D$17:$D$24),"") | G17: =COUNTIFS('Plan ve Gerçekleşen'!$E$3:$E$52,$B17) | H17: =COUNTIFS('Plan ve Gerçekleşen'!$E$3:$E$52,$B17,'Plan ve Gerçekleşen'!$AI$3:$AI$52,"Yayınlandı")
B18: Gösterim almak | C18: =SUMIFS('Plan ve Gerçekleşen'!$Q$3:$Q$52,'Plan ve Gerçekleşen'!$E$3:$E$52,$B18) | D18: =SUMIFS('Plan ve Gerçekleşen'!$X$3:$X$52,'Plan ve Gerçekleşen'!$E$3:$E$52,$B18) | E18: =IFERROR($D18/$C18,"") | F18: =IFERROR($D18/SUM($D$17:$D$24),"") | G18: =COUNTIFS('Plan ve Gerçekleşen'!$E$3:$E$52,$B18) | H18: =COUNTIFS('Plan ve Gerçekleşen'!$E$3:$E$52,$B18,'Plan ve Gerçekleşen'!$AI$3:$AI$52,"Yayınlandı")
B19: Video izletmek | C19: =SUMIFS('Plan ve Gerçekleşen'!$Q$3:$Q$52,'Plan ve Gerçekleşen'!$E$3:$E$52,$B19) | D19: =SUMIFS('Plan ve Gerçekleşen'!$X$3:$X$52,'Plan ve Gerçekleşen'!$E$3:$E$52,$B19) | E19: =IFERROR($D19/$C19,"") | F19: =IFERROR($D19/SUM($D$17:$D$24),"") | G19: =COUNTIFS('Plan ve Gerçekleşen'!$E$3:$E$52,$B19) | H19: =COUNTIFS('Plan ve Gerçekleşen'!$E$3:$E$52,$B19,'Plan ve Gerçekleşen'!$AI$3:$AI$52,"Yayınlandı")
B20: Siteye trafik | C20: =SUMIFS('Plan ve Gerçekleşen'!$Q$3:$Q$52,'Plan ve Gerçekleşen'!$E$3:$E$52,$B20) | D20: =SUMIFS('Plan ve Gerçekleşen'!$X$3:$X$52,'Plan ve Gerçekleşen'!$E$3:$E$52,$B20) | E20: =IFERROR($D20/$C20,"") | F20: =IFERROR($D20/SUM($D$17:$D$24),"") | G20: =COUNTIFS('Plan ve Gerçekleşen'!$E$3:$E$52,$B20) | H20: =COUNTIFS('Plan ve Gerçekleşen'!$E$3:$E$52,$B20,'Plan ve Gerçekleşen'!$AI$3:$AI$52,"Yayınlandı")
B21: Etkileşim almak | C21: =SUMIFS('Plan ve Gerçekleşen'!$Q$3:$Q$52,'Plan ve Gerçekleşen'!$E$3:$E$52,$B21) | D21: =SUMIFS('Plan ve Gerçekleşen'!$X$3:$X$52,'Plan ve Gerçekleşen'!$E$3:$E$52,$B21) | E21: =IFERROR($D21/$C21,"") | F21: =IFERROR($D21/SUM($D$17:$D$24),"") | G21: =COUNTIFS('Plan ve Gerçekleşen'!$E$3:$E$52,$B21) | H21: =COUNTIFS('Plan ve Gerçekleşen'!$E$3:$E$52,$B21,'Plan ve Gerçekleşen'!$AI$3:$AI$52,"Yayınlandı")
B22: Form doldurtmak | C22: =SUMIFS('Plan ve Gerçekleşen'!$Q$3:$Q$52,'Plan ve Gerçekleşen'!$E$3:$E$52,$B22) | D22: =SUMIFS('Plan ve Gerçekleşen'!$X$3:$X$52,'Plan ve Gerçekleşen'!$E$3:$E$52,$B22) | E22: =IFERROR($D22/$C22,"") | F22: =IFERROR($D22/SUM($D$17:$D$24),"") | G22: =COUNTIFS('Plan ve Gerçekleşen'!$E$3:$E$52,$B22) | H22: =COUNTIFS('Plan ve Gerçekleşen'!$E$3:$E$52,$B22,'Plan ve Gerçekleşen'!$AI$3:$AI$52,"Yayınlandı")
B23: Satış yaptırmak | C23: =SUMIFS('Plan ve Gerçekleşen'!$Q$3:$Q$52,'Plan ve Gerçekleşen'!$E$3:$E$52,$B23) | D23: =SUMIFS('Plan ve Gerçekleşen'!$X$3:$X$52,'Plan ve Gerçekleşen'!$E$3:$E$52,$B23) | E23: =IFERROR($D23/$C23,"") | F23: =IFERROR($D23/SUM($D$17:$D$24),"") | G23: =COUNTIFS('Plan ve Gerçekleşen'!$E$3:$E$52,$B23) | H23: =COUNTIFS('Plan ve Gerçekleşen'!$E$3:$E$52,$B23,'Plan ve Gerçekleşen'!$AI$3:$AI$52,"Yayınlandı")
B24: Uygulama indirtmek | C24: =SUMIFS('Plan ve Gerçekleşen'!$Q$3:$Q$52,'Plan ve Gerçekleşen'!$E$3:$E$52,$B24) | D24: =SUMIFS('Plan ve Gerçekleşen'!$X$3:$X$52,'Plan ve Gerçekleşen'!$E$3:$E$52,$B24) | E24: =IFERROR($D24/$C24,"") | F24: =IFERROR($D24/SUM($D$17:$D$24),"") | G24: =COUNTIFS('Plan ve Gerçekleşen'!$E$3:$E$52,$B24) | H24: =COUNTIFS('Plan ve Gerçekleşen'!$E$3:$E$52,$B24,'Plan ve Gerçekleşen'!$AI$3:$AI$52,"Yayınlandı")
B26: YAYINCI GRUBUNA GÖRE (bütçe yığılması)
B27: Kırılım | C27: Planlanan tutar | D27: Harcanan tutar | E27: Bütçe kullanımı | F27: Bütçe payı | G27: Kaç satır | H27: Yayınlanan satır
B28: Google | C28: =SUMIFS('Plan ve Gerçekleşen'!$Q$3:$Q$52,'Plan ve Gerçekleşen'!$F$3:$F$52,$B28) | D28: =SUMIFS('Plan ve Gerçekleşen'!$X$3:$X$52,'Plan ve Gerçekleşen'!$F$3:$F$52,$B28) | E28: =IFERROR($D28/$C28,"") | F28: =IFERROR($D28/SUM($D$28:$D$41),"") | G28: =COUNTIFS('Plan ve Gerçekleşen'!$F$3:$F$52,$B28) | H28: =COUNTIFS('Plan ve Gerçekleşen'!$F$3:$F$52,$B28,'Plan ve Gerçekleşen'!$AI$3:$AI$52,"Yayınlandı")
B29: Meta | C29: =SUMIFS('Plan ve Gerçekleşen'!$Q$3:$Q$52,'Plan ve Gerçekleşen'!$F$3:$F$52,$B29) | D29: =SUMIFS('Plan ve Gerçekleşen'!$X$3:$X$52,'Plan ve Gerçekleşen'!$F$3:$F$52,$B29) | E29: =IFERROR($D29/$C29,"") | F29: =IFERROR($D29/SUM($D$28:$D$41),"") | G29: =COUNTIFS('Plan ve Gerçekleşen'!$F$3:$F$52,$B29) | H29: =COUNTIFS('Plan ve Gerçekleşen'!$F$3:$F$52,$B29,'Plan ve Gerçekleşen'!$AI$3:$AI$52,"Yayınlandı")
B30: TikTok | C30: =SUMIFS('Plan ve Gerçekleşen'!$Q$3:$Q$52,'Plan ve Gerçekleşen'!$F$3:$F$52,$B30) | D30: =SUMIFS('Plan ve Gerçekleşen'!$X$3:$X$52,'Plan ve Gerçekleşen'!$F$3:$F$52,$B30) | E30: =IFERROR($D30/$C30,"") | F30: =IFERROR($D30/SUM($D$28:$D$41),"") | G30: =COUNTIFS('Plan ve Gerçekleşen'!$F$3:$F$52,$B30) | H30: =COUNTIFS('Plan ve Gerçekleşen'!$F$3:$F$52,$B30,'Plan ve Gerçekleşen'!$AI$3:$AI$52,"Yayınlandı")
B31: Spotify | C31: =SUMIFS('Plan ve Gerçekleşen'!$Q$3:$Q$52,'Plan ve Gerçekleşen'!$F$3:$F$52,$B31) | D31: =SUMIFS('Plan ve Gerçekleşen'!$X$3:$X$52,'Plan ve Gerçekleşen'!$F$3:$F$52,$B31) | E31: =IFERROR($D31/$C31,"") | F31: =IFERROR($D31/SUM($D$28:$D$41),"") | G31: =COUNTIFS('Plan ve Gerçekleşen'!$F$3:$F$52,$B31) | H31: =COUNTIFS('Plan ve Gerçekleşen'!$F$3:$F$52,$B31,'Plan ve Gerçekleşen'!$AI$3:$AI$52,"Yayınlandı")
B32: Disney | C32: =SUMIFS('Plan ve Gerçekleşen'!$Q$3:$Q$52,'Plan ve Gerçekleşen'!$F$3:$F$52,$B32) | D32: =SUMIFS('Plan ve Gerçekleşen'!$X$3:$X$52,'Plan ve Gerçekleşen'!$F$3:$F$52,$B32) | E32: =IFERROR($D32/$C32,"") | F32: =IFERROR($D32/SUM($D$28:$D$41),"") | G32: =COUNTIFS('Plan ve Gerçekleşen'!$F$3:$F$52,$B32) | H32: =COUNTIFS('Plan ve Gerçekleşen'!$F$3:$F$52,$B32,'Plan ve Gerçekleşen'!$AI$3:$AI$52,"Yayınlandı")
B33: Turkuvaz | C33: =SUMIFS('Plan ve Gerçekleşen'!$Q$3:$Q$52,'Plan ve Gerçekleşen'!$F$3:$F$52,$B33) | D33: =SUMIFS('Plan ve Gerçekleşen'!$X$3:$X$52,'Plan ve Gerçekleşen'!$F$3:$F$52,$B33) | E33: =IFERROR($D33/$C33,"") | F33: =IFERROR($D33/SUM($D$28:$D$41),"") | G33: =COUNTIFS('Plan ve Gerçekleşen'!$F$3:$F$52,$B33) | H33: =COUNTIFS('Plan ve Gerçekleşen'!$F$3:$F$52,$B33,'Plan ve Gerçekleşen'!$AI$3:$AI$52,"Yayınlandı")
B34: Doğuş | C34: =SUMIFS('Plan ve Gerçekleşen'!$Q$3:$Q$52,'Plan ve Gerçekleşen'!$F$3:$F$52,$B34) | D34: =SUMIFS('Plan ve Gerçekleşen'!$X$3:$X$52,'Plan ve Gerçekleşen'!$F$3:$F$52,$B34) | E34: =IFERROR($D34/$C34,"") | F34: =IFERROR($D34/SUM($D$28:$D$41),"") | G34: =COUNTIFS('Plan ve Gerçekleşen'!$F$3:$F$52,$B34) | H34: =COUNTIFS('Plan ve Gerçekleşen'!$F$3:$F$52,$B34,'Plan ve Gerçekleşen'!$AI$3:$AI$52,"Yayınlandı")
B35: Demirören | C35: =SUMIFS('Plan ve Gerçekleşen'!$Q$3:$Q$52,'Plan ve Gerçekleşen'!$F$3:$F$52,$B35) | D35: =SUMIFS('Plan ve Gerçekleşen'!$X$3:$X$52,'Plan ve Gerçekleşen'!$F$3:$F$52,$B35) | E35: =IFERROR($D35/$C35,"") | F35: =IFERROR($D35/SUM($D$28:$D$41),"") | G35: =COUNTIFS('Plan ve Gerçekleşen'!$F$3:$F$52,$B35) | H35: =COUNTIFS('Plan ve Gerçekleşen'!$F$3:$F$52,$B35,'Plan ve Gerçekleşen'!$AI$3:$AI$52,"Yayınlandı")
B36: Can | C36: =SUMIFS('Plan ve Gerçekleşen'!$Q$3:$Q$52,'Plan ve Gerçekleşen'!$F$3:$F$52,$B36) | D36: =SUMIFS('Plan ve Gerçekleşen'!$X$3:$X$52,'Plan ve Gerçekleşen'!$F$3:$F$52,$B36) | E36: =IFERROR($D36/$C36,"") | F36: =IFERROR($D36/SUM($D$28:$D$41),"") | G36: =COUNTIFS('Plan ve Gerçekleşen'!$F$3:$F$52,$B36) | H36: =COUNTIFS('Plan ve Gerçekleşen'!$F$3:$F$52,$B36,'Plan ve Gerçekleşen'!$AI$3:$AI$52,"Yayınlandı")
B37: TRT | C37: =SUMIFS('Plan ve Gerçekleşen'!$Q$3:$Q$52,'Plan ve Gerçekleşen'!$F$3:$F$52,$B37) | D37: =SUMIFS('Plan ve Gerçekleşen'!$X$3:$X$52,'Plan ve Gerçekleşen'!$F$3:$F$52,$B37) | E37: =IFERROR($D37/$C37,"") | F37: =IFERROR($D37/SUM($D$28:$D$41),"") | G37: =COUNTIFS('Plan ve Gerçekleşen'!$F$3:$F$52,$B37) | H37: =COUNTIFS('Plan ve Gerçekleşen'!$F$3:$F$52,$B37,'Plan ve Gerçekleşen'!$AI$3:$AI$52,"Yayınlandı")
B38: Now | C38: =SUMIFS('Plan ve Gerçekleşen'!$Q$3:$Q$52,'Plan ve Gerçekleşen'!$F$3:$F$52,$B38) | D38: =SUMIFS('Plan ve Gerçekleşen'!$X$3:$X$52,'Plan ve Gerçekleşen'!$F$3:$F$52,$B38) | E38: =IFERROR($D38/$C38,"") | F38: =IFERROR($D38/SUM($D$28:$D$41),"") | G38: =COUNTIFS('Plan ve Gerçekleşen'!$F$3:$F$52,$B38) | H38: =COUNTIFS('Plan ve Gerçekleşen'!$F$3:$F$52,$B38,'Plan ve Gerçekleşen'!$AI$3:$AI$52,"Yayınlandı")
B39: Mimeda | C39: =SUMIFS('Plan ve Gerçekleşen'!$Q$3:$Q$52,'Plan ve Gerçekleşen'!$F$3:$F$52,$B39) | D39: =SUMIFS('Plan ve Gerçekleşen'!$X$3:$X$52,'Plan ve Gerçekleşen'!$F$3:$F$52,$B39) | E39: =IFERROR($D39/$C39,"") | F39: =IFERROR($D39/SUM($D$28:$D$41),"") | G39: =COUNTIFS('Plan ve Gerçekleşen'!$F$3:$F$52,$B39) | H39: =COUNTIFS('Plan ve Gerçekleşen'!$F$3:$F$52,$B39,'Plan ve Gerçekleşen'!$AI$3:$AI$52,"Yayınlandı")
... B41: Diğer | C41: =SUMIFS('Plan ve Gerçekleşen'!$Q$3:$Q$52,'Plan ve Gerçekleşen'!$F$3:$F$52,$B41) | D41: =SUMIFS('Plan ve Gerçekleşen'!$X$3:$X$52,'Plan ve Gerçekleşen'!$F$3:$F$52,$B41) | E41: =IFERROR($D41/$C41,"") | F41: =IFERROR($D41/SUM($D$28:$D$41),"") | G41: =COUNTIFS('Plan ve Gerçekleşen'!$F$3:$F$52,$B41) | H41: =COUNTIFS('Plan ve Gerçekleşen'!$F$3:$F$52,$B41,'Plan ve Gerçekleşen'!$AI$3:$AI$52,"Yayınlandı")
B43: Tek bir yayıncı grubuna bütçenin %30'undan fazlası gidiyorsa Kontroller sayfası uyarır.

Sheet Kontroller
B2: KONTROLLER — hepsi TAMAM yazmadan raporu göndermeyin
B4: # | C4: Ne kontrol ediliyor | D4: Sonuç | E4: Durum | F4: Neden önemli
B5: 1 | C5: Fiyat tipi (CPM/CPC) yazılmamış satır sayısı | D5: =COUNTIFS('Plan ve Gerçekleşen'!$G$3:$G$52,"<>",'Plan ve Gerçekleşen'!$N$3:$N$52,"") | E5: =IF(D5=0,"TAMAM","İNCELE") | F5: Fiyat tipi yazılmazsa sistem CPM ile CPC'yi ayırt edemez, yayıncıları karşılaştıramaz.
B6: 2 | C6: Tutarın nereden geldiği yazılmamış satır sayısı | D6: =COUNTIFS('Plan ve Gerçekleşen'!$G$3:$G$52,"<>",'Plan ve Gerçekleşen'!$V$3:$V$52,"") | E6: =IF(D6=0,"TAMAM","İNCELE") | F6: Gerçek fatura ile tahmini tutar birbirine karışırsa fiyat karşılaştırması yanlış çıkar.
B7: 3 | C7: Faturaya değil hesaba dayanan tutarın oranı | D7: =IFERROR(SUMIFS('Plan ve Gerçekleşen'!$X$3:$X$52,'Plan ve Gerçekleşen'!$V$3:$V$52,"Hesaplanan")/SUM('Plan ve Gerçekleşen'!$X$3:$X$52),0) | E7: =IF(Kampanya!C13="Kapanış",IF(D7=0,"TAMAM","İNCELE"),"BİLGİ") | F7: Kapanış raporunda hiçbir satır tahminle kapatılmamalı.
B8: 4 | C8: Bütçe kalemleri toplamı ile anlaşılan tutar farkı | D8: =Kampanya!C22-Kampanya!C23 | E8: =IF(ABS(D8)<1,"TAMAM","İNCELE") | F8: Plandaki toplam ile sözleşmedeki tutar farklıysa sebebi açıklanmadan rapor gönderilmemeli.
B9: 5 | C9: İptal / Veri Gelmedi yazdığı halde rakamı olan satır | D9: =COUNTIFS('Plan ve Gerçekleşen'!$AI$3:$AI$52,"İptal",'Plan ve Gerçekleşen'!$R$3:$R$52,">0")+COUNTIFS('Plan ve Gerçekleşen'!$AI$3:$AI$52,"Veri Gelmedi",'Plan ve Gerçekleşen'!$R$3:$R$52,">0") | E9: =IF(D9=0,"TAMAM","İNCELE") | F9: Satırın durumu ile rakamı birbirini tutmuyor. Sisteme yanlış bilgi gider.
B10: 6 | C10: Yayınlandı yazdığı halde rakamı boş olan satır | D10: =COUNTIFS('Plan ve Gerçekleşen'!$AI$3:$AI$52,"Yayınlandı",'Plan ve Gerçekleşen'!$R$3:$R$52,"") | E10: =IF(D10=0,"TAMAM","İNCELE") | F10: Yayınlanmamış bir işi sıfır performans olarak kaydedersek yayıncıya haksızlık ederiz.
B11: 7 | C11: Söz verdiğinin yarısından azını ya da 1,5 katını yayınlayan satır | D11: =COUNTIFS('Plan ve Gerçekleşen'!$Z$3:$Z$52,"<0.5")+COUNTIFS('Plan ve Gerçekleşen'!$Z$3:$Z$52,">1.5") | E11: =IF(D11=0,"TAMAM","İNCELE") | F11: Bu kadar büyük fark ya bir işlem hatasıdır ya da veri sorunudur. İkisi de not gerektirir.
B12: 8 | C12: Fiyatı plandan %25'ten fazla farklı olan satır sayısı | D12: =COUNTIFS('Plan ve Gerçekleşen'!$AA$3:$AA$52,"<-0.25")+COUNTIFS('Plan ve Gerçekleşen'!$AA$3:$AA$52,">0.25") | E12: =IF(D12=0,"TAMAM","İNCELE") | F12: Anlaşılan fiyat ile gerçekleşen fiyat çok farklıysa faturadan teyit edin.
B13: 9 | C13: Beklenenden çok farklı olup sebebi yazılmamış satır | D13: =COUNTIFS('Plan ve Gerçekleşen'!$Z$3:$Z$52,"<0.5",'Plan ve Gerçekleşen'!$AJ$3:$AJ$52,"") | E13: =IF(D13=0,"TAMAM","İNCELE") | F13: Sebebi yazılmayan değişiklikler zamanla kimin nereye bütçe kaydırdığını görünmez yapar.
B14: 10 | C14: Tek yayıncı grubuna giden en yüksek bütçe payı | D14: =IFERROR(MAX(Özet!$F$28:$F$41),0) | E14: =IF(D14<=0.3,"TAMAM","İNCELE") | F14: Bütçenin %30'undan fazlası tek bir gruba gidiyorsa uyarı verilir.
B15: 11 | C15: Reklam filmi kodu yazılmamış yayınlanan satır sayısı | D15: =COUNTIFS('Plan ve Gerçekleşen'!$AI$3:$AI$52,"Yayınlandı",'Plan ve Gerçekleşen'!$M$3:$M$52,"") | E15: =IF(D15=0,"TAMAM","İNCELE") | F15: Bu kod olmadan kötü sonucun yayıncıdan mı reklam filminden mi geldiğini anlayamayız.
B16: 12 | C16: Yayın tarihi yazılmamış satır sayısı | D16: =COUNTIFS('Plan ve Gerçekleşen'!$G$3:$G$52,"<>",'Plan ve Gerçekleşen'!$C$3:$C$52,"")+COUNTIFS('Plan ve Gerçekleşen'!$G$3:$G$52,"<>",'Plan ve Gerçekleşen'!$D$3:$D$52,"") | E16: =IF(D16=0,"TAMAM","İNCELE") | F16: Satır tarihi olmadan dönemler karşılaştırılamaz, eski veriler ayırt edilemez.
C18: SONUÇ | E18: =IF(COUNTIF($E$5:$E$16,"İNCELE")=0,"RAPOR HAZIR","EKSİK VAR")
C20: Şablondaki örnek satırlar yüzünden bazı kontroller İNCELE görünebilir. Örnek satırları sildiğinizde bunlar TAMAM olur.

Sheet Listeler
A1: Birim Tipi | B1: Bedel Kaynagi | C1: Satir Durumu | D1: Rapor Durumu | E1: Amac | F1: Sektor L1 | G1: Format | H1: Cihaz | I1: Yayinci Grubu | K1: Bu sayfa, diğer sayfalardaki açılır listeleri besler. Yeni bir seçenek eklemek isterseniz
A2: CPM | B2: Fatura | C2: Planlandı | D2: Kampanya sürüyor | E2: Çok kişiye ulaşmak | F2: FMCG | G2: Display | H2: Desktop | I2: Google | K2: ilgili kolonun en altına yazın. Kolonların sırasını değiştirmeyin.
A3: CPV | B3: Platform Raporu | C3: Yayınlandı | D3: Kapanış | E3: Gösterim almak | F3: İnşaat | G3: Native | H3: Mobile | I3: Meta
A4: CPC | B4: Hesaplanan | C4: İptal | E4: Video izletmek | F4: Emlak | G4: Advertorial | H4: Desktop / Mobile | I4: TikTok
A5: CPL | C5: Veri Gelmedi | E5: Siteye trafik | F5: Finans | G5: Preroll | H5: CTV | I5: Spotify
A6: CPCV | E6: Etkileşim almak | F6: Otomotiv | G6: Midroll | H6: App | I6: Disney
A7: Sabit | E7: Form doldurtmak | F7: Perakende | G7: Masthead | H7: Audio | I7: Turkuvaz
E8: Satış yaptırmak | F8: Telekom | G8: Non-Skippable | I8: Doğuş
E9: Uygulama indirtmek | F9: Turizm | G9: Bumper | I9: Demirören
F10: Sağlık | G10: Audio | I10: Can
F11: Teknoloji | G11: Sponsorluk | I11: TRT
F12: Diğer | G12: Alt Bant | I12: Now
G13: In-Feed Video | I13: Mimeda
G14: Story | I14: Warner Bros. Discovery
G15: CTV | I15: Diğer
G16: Diğer
